CHROM	POS	REF	ALT
chr1	16057491	G	A
chr1	79144396	T	C
chr1	86570682	T	G
chr1	98259119	A	G
chr1	107008885	T	A
chr1	154677808	G	A
chr1	235398734	C	T
chr1	242956417	G	C
chr2	4482351	G	A
chr2	54325523	G	C
chr2	87067094	T	C
chr2	128859165	G	A
chr2	147769814	C	A
chr2	164398893	T	G
chr2	178057258	A	G
chr2	215348334	A	G
chr3	1647746	A	G
chr3	21601448	G	C
chr3	31902889	C	G
chr3	51840355	C	A
chr3	75771687	C	T
chr3	75775241	G	A
chr3	75775681	C	T
chr3	84043474	C	A
chr3	105615319	C	T
chr3	125817108	A	T
chr3	125817128	T	C
chr3	125817131	G	A
chr3	125817813	T	C
chr4	14149034	G	T
chr4	57360421	C	T
chr4	58670824	G	A
chr4	90522330	C	G
chr4	91222513	C	T
chr4	91598085	C	T
chr4	127230637	T	C
chr4	158293627	C	G
chr4	171285175	T	A
chr4	180452296	C	A
chr5	41022783	A	G
chr5	52050847	C	A
chr5	76310255	G	A
chr5	100394795	G	A
chr5	129702530	C	T
chr5	140344862	T	G
chr5	151835516	A	G
chr5	170339913	G	T
chr5	170339915	T	G
chr5	177758616	T	A
chr6	27328193	G	A
chr6	27836914	A	G
chr6	29832995	C	T
chr6	29833109	G	A
chr6	54708641	A	T
chr6	76113236	T	C
chr6	78213053	C	T
chr6	92262454	T	G
chr6	93585410	A	G
chr6	123108167	C	A
chr6	126382244	T	A
chr6	149947933	A	G
chr6	149947995	G	A
chr6	161942520	G	T
chr7	550099	G	A
chr7	20994628	G	A
chr7	26212762	A	G
chr7	41595259	A	T
chr7	68998921	G	A
chr7	98565112	G	T
chr7	110674520	A	G
chr7	131545628	G	A
chr7	144847611	C	A
chr7	153197322	G	A
chr8	16522616	C	A
chr8	35953639	A	G
chr8	69549454	G	T
chr8	112611526	T	A
chr9	86642440	T	C
chr9	95143456	C	A
chr9	138162561	A	G
chr10	66184	A	G
chr10	66194	T	C
chr10	18475692	A	T
chr10	27062623	T	A
chr10	37619127	G	A
chr10	42159144	A	C
chr10	46993611	A	G
chr10	50660229	C	A
chr10	57794383	T	C
chr10	67598410	C	A
chr10	81837294	T	G
chr10	93476191	G	A
chr10	105317566	C	T
chr11	91211161	A	G
chr11	97685827	C	A
chr11	123398707	C	A
chr12	9240379	C	G
chr12	59691749	T	G
chr12	108316715	A	C
chr12	131194773	G	A
chr13	19370655	G	A
chr13	22944484	A	G
chr13	22966342	C	A
chr13	27946048	C	T
chr13	56919944	G	A
chr13	65479349	G	A
chr13	70978265	A	T
chr14	53917637	A	G
chr14	55605762	A	C
chr14	77871565	C	T
chr14	87057840	G	C
chr15	25134792	G	A
chr15	28664771	G	A
chr15	47607398	C	T
chr16	55828850	C	G
chr16	59931558	C	A
chr16	61997001	A	G
chr17	27007377	A	T
chr17	75253641	G	A
chr18	75300	A	C
chr18	75309	G	T
chr18	25733623	C	T
chr19	28613925	A	T
chr19	36316025	T	C
chr19	53498974	A	G
chr19	54595400	T	C
chr20	26096163	T	C
chr20	26096170	G	A
chr20	47053475	G	T
chr20	50640415	C	G
chr21	30498752	T	C
chr21	40437618	A	C
chr21	41563141	G	T
chr22	30060033	A	T
chr22	30060084	A	G
